-- 插入 20 条 products 数据
INSERT INTO products (prod_name, prod_category, pord_describe, prod_stock, prod_price, prod_img_1, prod_img_2, prod_img_3) VALUES
('Product A', 'Category 1', 'Description of Product A', 100, 10, 'img_a1.jpg', 'img_a2.jpg', 'img_a3.jpg'),
('Product B', 'Category 1', 'Description of Product B', 150, 15, 'img_b1.jpg', 'img_b2.jpg', 'img_b3.jpg'),
('Product C', 'Category 2', 'Description of Product C', 200, 20, 'img_c1.jpg', 'img_c2.jpg', 'img_c3.jpg'),
('Product D', 'Category 2', 'Description of Product D', 250, 25, 'img_d1.jpg', 'img_d2.jpg', 'img_d3.jpg'),
('Product E', 'Category 3', 'Description of Product E', 300, 30, 'img_e1.jpg', 'img_e2.jpg', 'img_e3.jpg'),
('Product F', 'Category 3', 'Description of Product F', 350, 35, 'img_f1.jpg', 'img_f2.jpg', 'img_f3.jpg'),
('Product G', 'Category 4', 'Description of Product G', 400, 40, 'img_g1.jpg', 'img_g2.jpg', 'img_g3.jpg'),
('Product H', 'Category 4', 'Description of Product H', 450, 45, 'img_h1.jpg', 'img_h2.jpg', 'img_h3.jpg'),
('Product I', 'Category 5', 'Description of Product I', 500, 50, 'img_i1.jpg', 'img_i2.jpg', 'img_i3.jpg'),
('Product J', 'Category 5', 'Description of Product J', 550, 55, 'img_j1.jpg', 'img_j2.jpg', 'img_j3.jpg'),
('Product K', 'Category 6', 'Description of Product K', 600, 60, 'img_k1.jpg', 'img_k2.jpg', 'img_k3.jpg'),
('Product L', 'Category 6', 'Description of Product L', 650, 65, 'img_l1.jpg', 'img_l2.jpg', 'img_l3.jpg'),
('Product M', 'Category 7', 'Description of Product M', 700, 70, 'img_m1.jpg', 'img_m2.jpg', 'img_m3.jpg'),
('Product N', 'Category 7', 'Description of Product N', 750, 75, 'img_n1.jpg', 'img_n2.jpg', 'img_n3.jpg'),
('Product O', 'Category 8', 'Description of Product O', 800, 80, 'img_o1.jpg', 'img_o2.jpg', 'img_o3.jpg'),
('Product P', 'Category 8', 'Description of Product P', 850, 85, 'img_p1.jpg', 'img_p2.jpg', 'img_p3.jpg'),
('Product Q', 'Category 9', 'Description of Product Q', 900, 90, 'img_q1.jpg', 'img_q2.jpg', 'img_q3.jpg'),
('Product R', 'Category 9', 'Description of Product R', 950, 95, 'img_r1.jpg', 'img_r2.jpg', 'img_r3.jpg'),
('Product S', 'Category 10', 'Description of Product S', 1000, 100, 'img_s1.jpg', 'img_s2.jpg', 'img_s3.jpg'),
('Product T', 'Category 10', 'Description of Product T', 1050, 105, 'img_t1.jpg', 'img_t2.jpg', 'img_t3.jpg');


-- 插入 20 条 order_list 数据，假设 memb_id 的范围为 1 到 20
INSERT INTO order_list (memb_id, order_status, order_payment, cust_name, cust_email, cust_tell, del_addr, order_amount) VALUES
(1, 'Pending', 'Credit Card', 'John Doe', 'john@example.com', '1234567890', '123 Main St', 200),
(2, 'Completed', 'PayPal', 'Jane Smith', 'jane@example.com', '0987654321', '456 Elm St', 150),
(3, 'Shipped', 'Bank Transfer', 'Alice Johnson', 'alice@example.com', '5678901234', '789 Oak St', 300),
(4, 'Pending', 'Credit Card', 'Bob Brown', 'bob@example.com', '2345678901', '321 Pine St', 250),
(5, 'Completed', 'Cash on Delivery', 'Carol White', 'carol@example.com', '3456789012', '654 Maple St', 100),
(6, 'Shipped', 'PayPal', 'Dave Black', 'dave@example.com', '4567890123', '987 Cedar St', 400),
(7, 'Pending', 'Credit Card', 'Eva Green', 'eva@example.com', '5678901234', '111 Birch St', 350),
(8, 'Completed', 'Bank Transfer', 'Frank Blue', 'frank@example.com', '6789012345', '222 Walnut St', 250),
(9, 'Shipped', 'Cash on Delivery', 'Grace Yellow', 'grace@example.com', '7890123456', '333 Cherry St', 300),
(10, 'Pending', 'Credit Card', 'Hank Purple', 'hank@example.com', '8901234567', '444 Spruce St', 200),
(11, 'Completed', 'PayPal', 'Ivy Red', 'ivy@example.com', '9012345678', '555 Ash St', 100),
(12, 'Shipped', 'Bank Transfer', 'Jack Gray', 'jack@example.com', '0123456789', '666 Fir St', 450),
(13, 'Pending', 'Credit Card', 'Kathy Pink', 'kathy@example.com', '1234567890', '777 Pine St', 550),
(14, 'Completed', 'Cash on Delivery', 'Leo Brown', 'leo@example.com', '2345678901', '888 Cypress St', 200),
(15, 'Shipped', 'PayPal', 'Mia Black', 'mia@example.com', '3456789012', '999 Fir St', 300),
(16, 'Pending', 'Bank Transfer', 'Nina White', 'nina@example.com', '4567890123', '1010 Willow St', 250),
(17, 'Completed', 'Cash on Delivery', 'Oscar Blue', 'oscar@example.com', '5678901234', '1111 Alder St', 100),
(18, 'Shipped', 'Credit Card', 'Paul Green', 'paul@example.com', '6789012345', '1212 Sequoia St', 400),
(19, 'Pending', 'PayPal', 'Quinn Red', 'quinn@example.com', '7890123456', '1313 Redwood St', 350),
(20, 'Completed', 'Bank Transfer', 'Rita Yellow', 'rita@example.com', '8901234567', '1414 Spruce St', 150);

-- 插入对应的 order_detail 数据
INSERT INTO order_detail (order_id, prod_id, prod_qty, prod_price) VALUES
(1, 1, 2, 10),
(1, 2, 5, 15),
(2, 3, 3, 20),
(2, 4, 2, 25),
(3, 5, 4, 30),
(3, 6, 1, 35),
(4, 7, 2, 40),
(4, 8, 3, 45),
(5, 9, 1, 50),
(5, 10, 2, 55),
(6, 11, 3, 60),
(6, 12, 4, 65),
(7, 13, 2, 70),
(7, 14, 5, 75),
(8, 15, 1, 80),
(8, 16, 3, 85),
(9, 17, 4, 90),
(9, 18, 2, 95),
(10, 19, 1, 100),
(10, 20, 3, 105),
(11, 1, 2, 10),
(11, 2, 5, 15),
(12, 3, 3, 20),
(12, 4, 2, 25),
(13, 5, 4, 30),
(13, 6, 1, 35),
(14, 7, 2, 40),
(14, 8, 3, 45),
(15, 9, 1, 50),
(15, 10, 2, 55),
(16, 11, 3, 60),
(16, 12, 4, 65),
(17, 13, 2, 70),
(17, 14, 5, 75),
(18, 15, 1, 80),
(18, 16, 3, 85),
(19, 17, 4, 90),
(19, 18, 2, 95),
(20, 19, 1, 100),
(20, 20, 3, 105);
